x1,x2
0.25788679461476965,-0.768383620259617
0.2220342260499127,0.25788679461476965
0.15690896265870005,0.2220342260499127
-1.1188749522835688,0.15690896265870005
-1.3757458418025639,-1.1188749522835688
-1.0668263752873341,-1.3757458418025639
1.2656945590781468,-1.0668263752873341
0.729886824112687,1.2656945590781468
0.034730114659058064,0.729886824112687
0.49011427925823403,0.034730114659058064
-0.03283108012308125,0.49011427925823403
-2.3463909690726545,-0.03283108012308125
-0.40637092387234097,-2.3463909690726545
-0.7126835983226087,-0.40637092387234097
-0.6413417525273168,-0.7126835983226087
0.827806812481572,-0.6413417525273168
-0.25858733484975205,0.827806812481572
-0.3690150737179454,-0.25858733484975205
0.9877784470106091,-0.3690150737179454
0.9855533290336813,0.9877784470106091
1.8433281690579597,0.9855533290336813
-0.1685219810499048,1.8433281690579597
1.0938946400701013,-0.1685219810499048
-0.41198119149937207,1.0938946400701013
0.009979167856834753,-0.41198119149937207
-1.4931395887174805,0.009979167856834753
-0.773889669036661,-1.4931395887174805
-0.8151821696246921,-0.773889669036661
-0.5006692288140422,-0.8151821696246921
-0.5310181967318292,-0.5006692288140422
0.027221031831559134,-0.5310181967318292
-0.5969695868522022,0.027221031831559134
-0.6504165027552857,-0.5969695868522022
0.30124483713893624,-0.6504165027552857
-0.5980707730358796,0.30124483713893624
0.766357470151324,-0.5980707730358796
0.38745277922588506,0.766357470151324
0.25646246907927295,0.38745277922588506
0.4976417824448435,0.25646246907927295
-0.8008656758824023,0.4976417824448435
0.15253705706000592,-0.8008656758824023
-0.3821699966771278,0.15253705706000592
-0.5428859271133106,-0.3821699966771278
-1.1431052643286408,-0.5428859271133106
-1.119605414367158,-1.1431052643286408
0.11852836159936081,-1.119605414367158
-1.5900148656654882,0.11852836159936081
0.7907090321077093,-1.5900148656654882
2.6471271091045705,0.7907090321077093
0.20302910396676455,2.6471271091045705
-0.818693235179446,0.20302910396676455
0.5886863562779043,-0.818693235179446
0.25866508955381057,0.5886863562779043
-2.254541678019455,0.25866508955381057
-2.5549734685008607,-2.254541678019455
-0.5554487703358413,-2.5549734685008607
-0.5893170428115772,-0.5554487703358413
-0.8009734409241788,-0.5893170428115772
0.6707034369139417,-0.8009734409241788
-1.9465522181690673,0.6707034369139417
-0.24364039657911202,-1.9465522181690673
-0.8763966254307658,-0.24364039657911202
-1.1417577658040952,-0.8763966254307658
-1.0327440816929219,-1.1417577658040952
-0.33066542707067725,-1.0327440816929219
-0.3004192372900131,-0.33066542707067725
0.8472539392501456,-0.3004192372900131
0.41436171515374115,0.8472539392501456
0.398908321148986,0.41436171515374115
1.9420976090943398,0.398908321148986
0.3492971477919434,1.9420976090943398
1.6132832221968678,0.3492971477919434
1.5042399758311982,1.6132832221968678
1.2858618786034386,1.5042399758311982
-0.47845393072834275,1.2858618786034386
-0.2673114848628188,-0.47845393072834275
0.34916857052221195,-0.2673114848628188
0.6081083121972504,0.34916857052221195
1.2243566713542988,0.6081083121972504
0.6593321048313385,1.2243566713542988
-0.31912677203092266,0.6593321048313385
0.9408599694190294,-0.31912677203092266
-0.03873822394787635,0.9408599694190294
0.38882592138461275,-0.03873822394787635
0.3503716344847049,0.38882592138461275
-0.31920798686908536,0.3503716344847049
-0.21412329882880593,-0.31920798686908536
-1.818909281211716,-0.21412329882880593
0.045489473893961074,-1.818909281211716
0.2901279738922174,0.045489473893961074
-0.1583132812986509,0.2901279738922174
0.9595670807342724,-0.1583132812986509
-1.5261093211461092,0.9595670807342724
-1.5357043794660417,-1.5261093211461092
1.2982477365116925,-1.5357043794660417
-0.611436059615022,1.2982477365116925
-0.20966068607304883,-0.611436059615022
0.20982894263173918,-0.20966068607304883
0.20700598194673187,0.20982894263173918
-0.19139805492518422,0.20700598194673187
0.5822417719378131,-0.19139805492518422
0.09317904207149783,0.5822417719378131
-0.5037940558886413,0.09317904207149783
-0.2717723614463315,-0.5037940558886413
0.2313627439338725,-0.2717723614463315
0.29534693296156544,0.2313627439338725
0.4221757941053319,0.29534693296156544
-0.47167758348950006,0.4221757941053319
-0.7820024162116441,-0.47167758348950006
0.42859001515847245,-0.7820024162116441
0.1258456397084838,0.42859001515847245
-0.557622567548731,0.1258456397084838
1.1946804979622314,-0.557622567548731
0.05408792710099408,1.1946804979622314
0.7981030792460526,0.05408792710099408
-0.7563951211683861,0.7981030792460526
-2.2406576610917894,-0.7563951211683861
-0.721849835299958,-2.2406576610917894
-0.8925076223583688,-0.721849835299958
-1.0984184635061789,-0.8925076223583688
-1.0391429475286866,-1.0984184635061789
-2.654473202775912,-1.0391429475286866
-0.12380950594391527,-2.654473202775912
-0.435105025095338,-0.12380950594391527
-1.479529343798494,-0.435105025095338
-0.8582982388958695,-1.479529343798494
-1.5640745083560121,-0.8582982388958695
-0.2738651317401903,-1.5640745083560121
0.35899800052277087,-0.2738651317401903
-0.7755506352689814,0.35899800052277087
0.34059567318701855,-0.7755506352689814
-1.5020550238533725,0.34059567318701855
-1.4135974020668844,-1.5020550238533725
-0.8681260621492826,-1.4135974020668844
-0.6265112610179462,-0.8681260621492826
-0.16322559353019622,-0.6265112610179462
-1.205730913942875,-0.16322559353019622
-0.5697691520183016,-1.205730913942875
0.6342449200126568,-0.5697691520183016
-0.19231699771217378,0.6342449200126568
1.3856430553290968,-0.19231699771217378
0.14090369284285725,1.3856430553290968
-0.3848053313070954,0.14090369284285725
0.7562624090104189,-0.3848053313070954
2.281325401748177,0.7562624090104189
1.2031418418329227,2.281325401748177
-0.32599119555037337,1.2031418418329227
0.6005803941711985,-0.32599119555037337
-0.3039663086510702,0.6005803941711985
-0.8326174928068844,-0.3039663086510702
0.20285191816707537,-0.8326174928068844
-0.740063250331117,0.20285191816707537
-1.4984132634460567,-0.740063250331117
-1.453477515675133,-1.4984132634460567
-0.5142292680420176,-1.453477515675133
0.8789742732343582,-0.5142292680420176
-0.42760071390694954,0.8789742732343582
0.2101430372907465,-0.42760071390694954
-0.7939915601878739,0.2101430372907465
1.160544653592796,-0.7939915601878739
-0.19064428290548985,1.160544653592796
0.44492633977324314,-0.19064428290548985
-0.15059629916326267,0.44492633977324314
0.034665686902585965,-0.15059629916326267
-2.157732896372715,0.034665686902585965
0.6790231225848827,-2.157732896372715
-1.3200384321609175,0.6790231225848827
0.7552405911371267,-1.3200384321609175
-0.46234269313256426,0.7552405911371267
-0.41738430669273535,-0.46234269313256426
1.040437967119019,-0.41738430669273535
-0.12415154484232227,1.040437967119019
0.3896826379383565,-0.12415154484232227
0.6091795158080556,0.3896826379383565
-0.33981228966054877,0.6091795158080556
-0.03576694557510081,-0.33981228966054877
-0.4513088364038673,-0.03576694557510081
1.4743058337979917,-0.4513088364038673
1.0727878374092064,1.4743058337979917
-0.23476424033208942,1.0727878374092064
-1.9092906288597293,-0.23476424033208942
-1.2273677634632325,-1.9092906288597293
-0.389978302362679,-1.2273677634632325
1.0279708675269945,-0.389978302362679
-0.9433387220207483,1.0279708675269945
-0.19215443120329428,-0.9433387220207483
-0.5014302728897956,-0.19215443120329428
-0.03132742857116036,-0.5014302728897956
1.6608741250033479,-0.03132742857116036
-0.2893269870209485,1.6608741250033479
-0.521406762983004,-0.2893269870209485
-0.9796010585652045,-0.521406762983004
1.0141556839268548,-0.9796010585652045
0.08968624216930007,1.0141556839268548
1.3444915446702304,0.08968624216930007
-1.2029408851898113,1.3444915446702304
-0.34658220090445835,-1.2029408851898113
-1.5278584710701995,-0.34658220090445835
-1.3833689763097545,-1.5278584710701995
-0.7343172311287968,-1.3833689763097545
-0.818870811954674,-0.7343172311287968
0.8605364181151586,-0.818870811954674
-0.6223859170724604,0.8605364181151586
0.34660267018327273,-0.6223859170724604
-0.6137512923474606,0.34660267018327273
0.008587967715021155,-0.6137512923474606
0.03157105002874567,0.008587967715021155
-2.2569907037465646,0.03157105002874567
-0.09474432556698908,-2.2569907037465646
-0.7642944719556432,-0.09474432556698908
-1.415049240252963,-0.7642944719556432
-0.15395136852171865,-1.415049240252963
0.4499445742695569,-0.15395136852171865
-0.09102510003657452,0.4499445742695569
-0.024311084947770886,-0.09102510003657452
0.8550967338281045,-0.024311084947770886
2.2547640587555,0.8550967338281045
1.9775159226069832,2.2547640587555
0.2074626914481048,1.9775159226069832
1.0553020318403583,0.2074626914481048
0.08575839385683204,1.0553020318403583
-0.27873297633601984,0.08575839385683204
1.5434500688777808,-0.27873297633601984
3.3696465986835173,1.5434500688777808
2.715196373551948,3.3696465986835173
1.927059509771751,2.715196373551948
0.35644320273141505,1.927059509771751
0.6053490742789449,0.35644320273141505
2.2918523815358833,0.6053490742789449
1.2938663109453996,2.2918523815358833
0.8159398936657943,1.2938663109453996
-0.9641437278854003,0.8159398936657943
0.4844021939458411,-0.9641437278854003
2.2304427268535436,0.4844021939458411
-0.5153430467107313,2.2304427268535436
-0.37503958370316604,-0.5153430467107313
1.1130188695578047,-0.37503958370316604
0.6352903476901455,1.1130188695578047
2.1746962196078448,0.6352903476901455
0.6106489710359005,2.1746962196078448
0.06941225647470436,0.6106489710359005
0.10196374542549252,0.06941225647470436
0.7224801441348753,0.10196374542549252
-0.37821411917415937,0.7224801441348753
-0.9791462367845208,-0.37821411917415937
0.3249957953377253,-0.9791462367845208
0.09839229852009725,0.3249957953377253
-0.5190125975903552,0.09839229852009725
-0.2916161242688789,-0.5190125975903552
-0.9097413882812764,-0.2916161242688789
0.29367414901072353,-0.9097413882812764
-0.05459217090348528,0.29367414901072353
-1.1673371653270963,-0.05459217090348528
-1.5286350368746093,-1.1673371653270963
-1.0090650107313195,-1.5286350368746093
-1.2327741116444595,-1.0090650107313195
-1.632930900014088,-1.2327741116444595
-0.6194080430351908,-1.632930900014088
-3.4855633463888918,-0.6194080430351908
-0.8308956493647031,-3.4855633463888918
1.0794262368107383,-0.8308956493647031
0.76216494813486,1.0794262368107383
1.4770145109475745,0.76216494813486
0.9679243521740455,1.4770145109475745
3.1901758093596166,0.9679243521740455
1.6455998356966202,3.1901758093596166
-0.7650775831746817,1.6455998356966202
-0.6868890165581081,-0.7650775831746817
0.4466121728791367,-0.6868890165581081
-0.002009154495099974,0.4466121728791367
0.11205006186242937,-0.002009154495099974
0.5307735996793324,0.11205006186242937
-1.088055801469536,0.5307735996793324
-0.33789853494041683,-1.088055801469536
-1.282452863329937,-0.33789853494041683
-1.7143872169967134,-1.282452863329937
0.07646739243562273,-1.7143872169967134
-1.1238681788056684,0.07646739243562273
1.1573472296565004,-1.1238681788056684
1.4623673835910338,1.1573472296565004
-0.6728307617404897,1.4623673835910338
-0.16225705271556157,-0.6728307617404897
0.19575871187929011,-0.16225705271556157
-0.3578872757930009,0.19575871187929011
-0.1090374360139954,-0.3578872757930009
-0.6935482852548484,-0.1090374360139954
0.8122186738195036,-0.6935482852548484
0.8835291554833553,0.8122186738195036
0.4512749495450553,0.8835291554833553
0.702748401493139,0.4512749495450553
2.1957474157589463,0.702748401493139
0.7027890607755549,2.1957474157589463
0.014918548506887785,0.7027890607755549
-0.5337918722941626,0.014918548506887785
-0.4947229717876037,-0.5337918722941626
0.24343847427602605,-0.4947229717876037
-0.49568661954552756,0.24343847427602605
-0.4311197135662589,-0.49568661954552756
-1.1090276276211224,-0.4311197135662589
-1.4474168196140513,-1.1090276276211224
-0.3969867536511346,-1.4474168196140513
-1.226746755902922,-0.3969867536511346
-0.006889640298225752,-1.226746755902922
0.8881505417352763,-0.006889640298225752
-0.3814558174607194,0.8881505417352763
-0.49031094856957974,-0.3814558174607194
-0.7703115813755199,-0.49031094856957974
0.2771723597489495,-0.7703115813755199
-0.8762659923714351,0.2771723597489495
-0.6590687914966277,-0.8762659923714351
-0.9022779809083394,-0.6590687914966277
-1.5301282597638615,-0.9022779809083394
-0.8254962442987469,-1.5301282597638615
-0.041686676486698604,-0.8254962442987469
0.9769284042017388,-0.041686676486698604
-1.3207823348315322,0.9769284042017388
-1.3013538193406151,-1.3207823348315322
-2.179859014593078,-1.3013538193406151
-2.162898525461077,-2.179859014593078
-0.538516935982327,-2.162898525461077
-0.14248012598416016,-0.538516935982327
-1.7722484944352084,-0.14248012598416016
-1.6548867810461227,-1.7722484944352084
-1.492625654889904,-1.6548867810461227
0.19022988707899458,-1.492625654889904
0.2585753966549688,0.19022988707899458
-0.7688533467577207,0.2585753966549688
-0.7773587775388018,-0.7688533467577207
-0.8406752342546213,-0.7773587775388018
-0.5686280249855697,-0.8406752342546213
0.8975740453057722,-0.5686280249855697
1.199102222504222,0.8975740453057722
0.47796748563220587,1.199102222504222
0.6466713561311679,0.47796748563220587
0.8843357483297695,0.6466713561311679
-0.4207148673649815,0.8843357483297695
-0.5783175845725984,-0.4207148673649815
1.590889394926201,-0.5783175845725984
0.8846561038626582,1.590889394926201
1.007921039602028,0.8846561038626582
0.3724086815386889,1.007921039602028
1.3151721837532173,0.3724086815386889
0.3642297340287406,1.3151721837532173
0.8457341184140086,0.3642297340287406
1.5024915184709464,0.8457341184140086
1.418040604285685,1.5024915184709464
2.9038205752069737,1.418040604285685
2.8060019400499083,2.9038205752069737
-0.5857368954155171,2.8060019400499083
-1.3531642902443248,-0.5857368954155171
0.08828941209162688,-1.3531642902443248
-0.5270973731479113,0.08828941209162688
0.6905782778191716,-0.5270973731479113
0.44447602789405016,0.6905782778191716
0.28658848621993394,0.44447602789405016
0.4385952050031911,0.28658848621993394
0.27344630612376863,0.4385952050031911
1.3856565935791214,0.27344630612376863
0.7701558509769133,1.3856565935791214
0.9358215351325977,0.7701558509769133
-1.2735332498908973,0.9358215351325977
-2.449559529854138,-1.2735332498908973
-0.8385084295169077,-2.449559529854138
0.6852481092238284,-0.8385084295169077
-0.019435957318229752,0.6852481092238284
0.08515106103295532,-0.019435957318229752
0.18329351881158737,0.08515106103295532
-0.2183835990078524,0.18329351881158737
0.7321010656076046,-0.2183835990078524
0.9944071806468987,0.7321010656076046
0.2962385857430761,0.9944071806468987
0.2734408304608046,0.2962385857430761
0.28800904143394157,0.2734408304608046
1.3585725417743402,0.28800904143394157
0.7262945713306905,1.3585725417743402
2.131746417401952,0.7262945713306905
-0.36093880835222913,2.131746417401952
0.7863023186843889,-0.36093880835222913
-1.0871619446524459,0.7863023186843889
-0.28141985407217607,-1.0871619446524459
-1.8993328038120942,-0.28141985407217607
-1.599651576486497,-1.8993328038120942
0.2564575804846676,-1.599651576486497
1.5581912826222384,0.2564575804846676
0.6510480240856953,1.5581912826222384
-0.22040708210534055,0.6510480240856953
-2.7824811342493705,-0.22040708210534055
-0.6831365519966424,-2.7824811342493705
0.021875388788163974,-0.6831365519966424
-2.7677610721657904,0.021875388788163974
-1.8197542381520913,-2.7677610721657904
-0.0005531625018820874,-1.8197542381520913
0.2482205994241884,-0.0005531625018820874
-0.8191248086197964,0.2482205994241884
1.2488684645461323,-0.8191248086197964
1.8369898922100927,1.2488684645461323
-0.13693404987031033,1.8369898922100927
0.2598748613461642,-0.13693404987031033
-0.7479624976497778,0.2598748613461642
-0.9118333610327221,-0.7479624976497778
-1.4814078963437725,-0.9118333610327221
-1.1545038269624013,-1.4814078963437725
-1.2205935389277647,-1.1545038269624013
-0.5867991153621315,-1.2205935389277647
-0.3263932864467501,-0.5867991153621315
-0.5398719743867756,-0.3263932864467501
-1.9592727512344892,-0.5398719743867756
-0.00913874563511441,-1.9592727512344892
0.21567499003836477,-0.00913874563511441
-0.5742149528748877,0.21567499003836477
2.375926063289176,-0.5742149528748877
1.5669495673000147,2.375926063289176
1.0092464580746854,1.5669495673000147
-0.006806669906689433,1.0092464580746854
0.22511790532073844,-0.006806669906689433
-0.5808530608721556,0.22511790532073844
-0.6642621994435836,-0.5808530608721556
-0.5754124758066992,-0.6642621994435836
-2.7751696925323173,-0.5754124758066992
-0.9977963417964687,-2.7751696925323173
-0.37850356985124817,-0.9977963417964687
0.4888825008523146,-0.37850356985124817
-0.8039254412564988,0.4888825008523146
-1.5380005972263842,-0.8039254412564988
-1.0951994832577148,-1.5380005972263842
0.8721930221190123,-1.0951994832577148
-1.3945652138509084,0.8721930221190123
-0.08133351064315619,-1.3945652138509084
0.0557808922205589,-0.08133351064315619
-0.6965451192357022,0.0557808922205589
1.6504286921773685,-0.6965451192357022
-0.3477846185434409,1.6504286921773685
1.173177566287173,-0.3477846185434409
-0.09951174704894267,1.173177566287173
-0.10619248461343557,-0.09951174704894267
-0.2059708042263278,-0.10619248461343557
-1.8232460863926088,-0.2059708042263278
-3.077173957852517,-1.8232460863926088
-2.23431088784703,-3.077173957852517
-2.3699392487485507,-2.23431088784703
0.29318917659089494,-2.3699392487485507
1.6299982449882804,0.29318917659089494
-0.33634307634988736,1.6299982449882804
0.3180770623116337,-0.33634307634988736
-0.6729366195273004,0.3180770623116337
1.1488083889888598,-0.6729366195273004
2.576767795403507,1.1488083889888598
1.9137112422003906,2.576767795403507
0.5294826337955216,1.9137112422003906
0.12741135206161192,0.5294826337955216
0.34383524394229287,0.12741135206161192
-0.2860699800671911,0.34383524394229287
-1.2614938446215687,-0.2860699800671911
-2.257279869573288,-1.2614938446215687
-2.093390538672546,-2.257279869573288
-0.05171937787557801,-2.093390538672546
0.4388221390951536,-0.05171937787557801
-0.7091605241315218,0.4388221390951536
-0.3704116717615199,-0.7091605241315218
-0.9567423028893198,-0.3704116717615199
-1.3761058666112183,-0.9567423028893198
1.780885034707698,-1.3761058666112183
-0.13920441356978985,1.780885034707698
-1.5027090496109412,-0.13920441356978985
0.4184664982021832,-1.5027090496109412
2.101870095266751,0.4184664982021832
1.5674255847087868,2.101870095266751
0.23576342725001337,1.5674255847087868
1.9153698196931828,0.23576342725001337
0.688640628875215,1.9153698196931828
-0.034993733470436605,0.688640628875215
0.4348351203887024,-0.034993733470436605
1.6090466011573477,0.4348351203887024
0.2821703238959011,1.6090466011573477
0.20164894316487453,0.2821703238959011
0.0320809242365809,0.20164894316487453
0.1585883395635451,0.0320809242365809
-0.20323772227632772,0.1585883395635451
-0.8946927534433237,-0.20323772227632772
-2.061704972105316,-0.8946927534433237
-1.3361812773806738,-2.061704972105316
0.6626986091741267,-1.3361812773806738
-1.9427078155888002,0.6626986091741267
-0.7035406763800186,-1.9427078155888002
-1.4886263843015348,-0.7035406763800186
-1.2403572291259009,-1.4886263843015348
0.14079025378502197,-1.2403572291259009
0.08549440636047796,0.14079025378502197
-0.842659315872591,0.08549440636047796
0.7616608317867857,-0.842659315872591
0.7180079122508487,0.7616608317867857
0.6959956881983504,0.7180079122508487
-0.8832340636393825,0.6959956881983504
-0.29803970004957514,-0.8832340636393825
0.5530260470593283,-0.29803970004957514
1.0080057615218199,0.5530260470593283
-0.10532726926512143,1.0080057615218199
1.4605280548723476,-0.10532726926512143
0.609162210068814,1.4605280548723476
-0.6612047344200915,0.609162210068814
-0.25363678231518594,-0.6612047344200915
1.9099424511371312,-0.25363678231518594
0.8460971032307362,1.9099424511371312
0.44658199309202307,0.8460971032307362
-2.147267772589565,0.44658199309202307
0.5918791424291769,-2.147267772589565
-0.9323342321954087,0.5918791424291769
-1.4766056743773077,-0.9323342321954087
-0.33425497039349317,-1.4766056743773077
-1.3168107600736154,-0.33425497039349317
1.784458971735478,-1.3168107600736154
0.616308220999767,1.784458971735478
0.32969329261373337,0.616308220999767
0.009414696381255222,0.32969329261373337
-0.6536175189202945,0.009414696381255222
0.9329628667680815,-0.6536175189202945
0.8470654212668709,0.9329628667680815
-1.3702605204736686,0.8470654212668709
-0.7198433584503764,-1.3702605204736686
0.1683583985540794,-0.7198433584503764
1.0078640596717041,0.1683583985540794
-0.06461943572474238,1.0078640596717041
0.09997790444660655,-0.06461943572474238
-0.5191632572188711,0.09997790444660655
1.5389539507514531,-0.5191632572188711
1.7432804473896821,1.5389539507514531
1.619430023843363,1.7432804473896821
-0.05390346246795685,1.619430023843363
-0.379797975973611,-0.05390346246795685
0.6547392370968833,-0.379797975973611
2.2145691593527825,0.6547392370968833
1.8277882280916617,2.2145691593527825
1.2757801295383517,1.8277882280916617
-0.08798783885702743,1.2757801295383517
-0.025511951301891683,-0.08798783885702743
0.7960808449077081,-0.025511951301891683
1.6549735237273095,0.7960808449077081
1.2097654329835943,1.6549735237273095
0.07541940885038378,1.2097654329835943
-2.269562781525041,0.07541940885038378
-1.364757248921312,-2.269562781525041
-1.7606291916699912,-1.364757248921312
-0.72345019577181,-1.7606291916699912
0.4970402727887388,-0.72345019577181
1.0205334981796206,0.4970402727887388
-1.146325820929698,1.0205334981796206
0.9619084479370059,-1.146325820929698
0.5798131656769704,0.9619084479370059
-0.3588038990548089,0.5798131656769704
1.8212873242986856,-0.3588038990548089
0.2697563743626062,1.8212873242986856
-0.06382379793490578,0.2697563743626062
0.3390471234212732,-0.06382379793490578
0.15844035601711356,0.3390471234212732
0.9413061522488779,0.15844035601711356
-0.5021746032440817,0.9413061522488779
-1.1878262227194218,-0.5021746032440817
-0.27859660545892595,-1.1878262227194218
0.005903582830424803,-0.27859660545892595
1.138365767587487,0.005903582830424803
0.25524189030053135,1.138365767587487
0.024953345823379353,0.25524189030053135
-0.6427003318439212,0.024953345823379353
-1.6577562590894475,-0.6427003318439212
0.5029990362738357,-1.6577562590894475
-0.3214236797110211,0.5029990362738357
-0.4989734843066624,-0.3214236797110211
-0.6912370377342083,-0.4989734843066624
-0.8305022160998428,-0.6912370377342083
-0.5418627571517971,-0.8305022160998428
-1.4688476032703544,-0.5418627571517971
-0.8453223826639663,-1.4688476032703544
-0.009027391620585412,-0.8453223826639663
1.417185918129804,-0.009027391620585412
0.05611988086492942,1.417185918129804
1.6044974555816756,0.05611988086492942
0.7694751010282016,1.6044974555816756
-0.3289470066213382,0.7694751010282016
-1.5056793338164955,-0.3289470066213382
-0.4243319438850539,-1.5056793338164955
-2.5874800573654424,-0.4243319438850539
-0.9768975867597576,-2.5874800573654424
-0.38078554417345706,-0.9768975867597576
1.5789229227216979,-0.38078554417345706
0.008569258375206279,1.5789229227216979
-1.0392760441178235,0.008569258375206279
0.45213179836190337,-1.0392760441178235
0.43930279126258076,0.45213179836190337
1.646579078842509,0.43930279126258076
-1.3365594871482056,1.646579078842509
0.23708139244816434,-1.3365594871482056
-0.6831148714115804,0.23708139244816434
-0.7780217110443866,-0.6831148714115804
0.023894148570958618,-0.7780217110443866
0.1283517899685452,0.023894148570958618
-0.3275516011900679,0.1283517899685452
0.12750910391826886,-0.3275516011900679
0.33619103641840986,0.12750910391826886
1.490786703217287,0.33619103641840986
1.6103992000750609,1.490786703217287
1.706390299360958,1.6103992000750609
0.6560609925879325,1.706390299360958
1.5881114732787014,0.6560609925879325
0.4628091588286329,1.5881114732787014
-0.03320641607873118,0.4628091588286329
2.215900700183948,-0.03320641607873118
1.4572687224097431,2.215900700183948
0.7001645002673262,1.4572687224097431
1.6788327381147385,0.7001645002673262
1.5701032885970139,1.6788327381147385
0.06336028858410248,1.5701032885970139
-0.17922245044201604,0.06336028858410248
-1.203805181826824,-0.17922245044201604
-1.108181028740042,-1.203805181826824
-1.859209940138555,-1.108181028740042
-1.5627228937328923,-1.859209940138555
0.2138866879098894,-1.5627228937328923
1.1504084997452295,0.2138866879098894
0.8574341415867828,1.1504084997452295
0.27564336142709556,0.8574341415867828
-0.668264285491297,0.27564336142709556
-1.4681401167470995,-0.668264285491297
1.494267191471061,-1.4681401167470995
0.44903491116038163,1.494267191471061
-0.9766890701528632,0.44903491116038163
-0.8454705698802649,-0.9766890701528632
-0.5341342165710004,-0.8454705698802649
-0.051523183166605896,-0.5341342165710004
-0.90078676505817,-0.051523183166605896
-1.7153748269274325,-0.90078676505817
-0.09644976643690084,-1.7153748269274325
-0.5791959495128625,-0.09644976643690084
-0.20156345141493492,-0.5791959495128625
-0.8425541934302814,-0.20156345141493492
1.3884825077820417,-0.8425541934302814
1.6502351744006654,1.3884825077820417
2.9220032249147545,1.6502351744006654
2.2727024233157023,2.9220032249147545
0.21081641065634216,2.2727024233157023
-0.5069892456746042,0.21081641065634216
-1.5085942048297896,-0.5069892456746042
-1.680324331547498,-1.5085942048297896
-1.21788768345189,-1.680324331547498
-0.14085361340913227,-1.21788768345189
-2.512679152953128,-0.14085361340913227
-1.8086312446883066,-2.512679152953128
-0.23455154918942323,-1.8086312446883066
-0.5296530459550464,-0.23455154918942323
0.3275510613537664,-0.5296530459550464
0.9416394239855208,0.3275510613537664
1.2061514487113396,0.9416394239855208
-0.33501363970673886,1.2061514487113396
1.5147399607049008,-0.33501363970673886
-0.7759517434061827,1.5147399607049008
-0.38434849328769227,-0.7759517434061827
-1.4214452384483456,-0.38434849328769227
-1.083406088277425,-1.4214452384483456
-0.634467810909065,-1.083406088277425
-1.308833952835763,-0.634467810909065
1.2059653570690128,-1.308833952835763
0.5108990853232355,1.2059653570690128
1.1302969691660583,0.5108990853232355
0.03214579966248787,1.1302969691660583
-0.6590947698433486,0.03214579966248787
0.5629934555571614,-0.6590947698433486
-2.0793831848719733,0.5629934555571614
-1.5924205922554018,-2.0793831848719733
-1.7284990437253462,-1.5924205922554018
0.40268974279627345,-1.7284990437253462
1.2417553347952746,0.40268974279627345
-0.061334993860941656,1.2417553347952746
-0.8165884504633771,-0.061334993860941656
-1.950905488193258,-0.8165884504633771
-0.768127385320898,-1.950905488193258
-0.560898002382567,-0.768127385320898
-1.5692532700914485,-0.560898002382567
-0.9529097292531885,-1.5692532700914485
-0.9752438247973054,-0.9529097292531885
1.3845523045606776,-0.9752438247973054
-0.2974778302233226,1.3845523045606776
0.1905878398070998,-0.2974778302233226
-0.7683352771007882,0.1905878398070998
-0.9963406698113948,-0.7683352771007882
0.3473595493740041,-0.9963406698113948
0.9635561854796791,0.3473595493740041
2.1819720364696544,0.9635561854796791
0.048052603277195516,2.1819720364696544
0.8035212140572788,0.048052603277195516
0.9152238707609259,0.8035212140572788
1.5062629147969164,0.9152238707609259
0.33525886552467904,1.5062629147969164
-0.11236633645608435,0.33525886552467904
-0.14266802633396375,-0.11236633645608435
0.3425547774528686,-0.14266802633396375
-1.113849870305228,0.3425547774528686
-1.1194786469818285,-1.113849870305228
0.2174173571955323,-1.1194786469818285
-0.8508975465919677,0.2174173571955323
0.8888305974210096,-0.8508975465919677
-0.17874332966875445,0.8888305974210096
-0.395520454145193,-0.17874332966875445
1.2033399603337491,-0.395520454145193
-0.18485161828445923,1.2033399603337491
1.6613061035719605,-0.18485161828445923
1.3353657112341277,1.6613061035719605
1.4155852744496553,1.3353657112341277
-0.6631093815330716,1.4155852744496553
-1.5954570446589227,-0.6631093815330716
-0.8560510129815668,-1.5954570446589227
0.7235575723276397,-0.8560510129815668
-2.405282964251665,0.7235575723276397
-0.08535676428168426,-2.405282964251665
-0.09768727306601974,-0.08535676428168426
-0.9393271152485985,-0.09768727306601974
0.24110412944216247,-0.9393271152485985
-0.4302564086574487,0.24110412944216247
0.2053672299117071,-0.4302564086574487
0.1878314763495614,0.2053672299117071
-0.470486792471296,0.1878314763495614
1.1962795593050533,-0.470486792471296
0.32060412729409865,1.1962795593050533
0.3904661087105584,0.32060412729409865
-0.13718072305820217,0.3904661087105584
-0.17988819051674998,-0.13718072305820217
1.8719753885494645,-0.17988819051674998
1.0330026305023965,1.8719753885494645
0.9880860233203628,1.0330026305023965
1.8390366232826598,0.9880860233203628
1.2626995488331283,1.8390366232826598
0.4049678596864934,1.2626995488331283
1.184962019488373,0.4049678596864934
1.0642270983895403,1.184962019488373
0.20866409342080455,1.0642270983895403
0.8302433118742786,0.20866409342080455
0.7375373273358954,0.8302433118742786
1.027823876972765,0.7375373273358954
0.0414295487057183,1.027823876972765
-1.2071103586077423,0.0414295487057183
-0.25808374315677646,-1.2071103586077423
-0.646036466415391,-0.25808374315677646
-0.363663965583676,-0.646036466415391
-1.2369611552200734,-0.363663965583676
-0.6037268729293442,-1.2369611552200734
-0.8993374453003453,-0.6037268729293442
-0.9141590044102674,-0.8993374453003453
-0.3791281305058928,-0.9141590044102674
-1.5574918025931193,-0.3791281305058928
0.226237718251461,-1.5574918025931193
1.0460370883166377,0.226237718251461
0.7048533313940153,1.0460370883166377
-0.17895388989400085,0.7048533313940153
1.8362910024241372,-0.17895388989400085
0.33870095884580137,1.8362910024241372
0.7989600002521056,0.33870095884580137
0.5528638069165888,0.7989600002521056
-0.5520899542459463,0.5528638069165888
-0.6036630475996894,-0.5520899542459463
-0.6563591700211893,-0.6036630475996894
0.4850015285344605,-0.6563591700211893
-0.8401322457709757,0.4850015285344605
-1.0714616213625825,-0.8401322457709757
-0.27988553586587855,-1.0714616213625825
1.1137653380924082,-0.27988553586587855
-0.754257971991373,1.1137653380924082
0.48938540129682573,-0.754257971991373
-0.5009464727261715,0.48938540129682573
-0.2895159240293131,-0.5009464727261715
-0.5996513224986112,-0.2895159240293131
0.16242791419514643,-0.5996513224986112
0.48494240262597066,0.16242791419514643
-0.8012192066060227,0.48494240262597066
0.8340404984357184,-0.8012192066060227
0.9881271803250493,0.8340404984357184
0.02900803354034065,0.9881271803250493
0.6965555335888151,0.02900803354034065
0.1826838133004558,0.6965555335888151
-1.287599602057553,0.1826838133004558
-0.2508673924596029,-1.287599602057553
-0.4006996104296626,-0.2508673924596029
0.2449974469823283,-0.4006996104296626
-0.36479056438679186,0.2449974469823283
0.977758473996615,-0.36479056438679186
0.559629853547036,0.977758473996615
-0.09607506678880148,0.559629853547036
-0.6797513208920568,-0.09607506678880148
-0.5148722452461896,-0.6797513208920568
0.6004699432158734,-0.5148722452461896
2.4221714652844644,0.6004699432158734
0.649056559785236,2.4221714652844644
0.13666392833270088,0.649056559785236
2.36816895239182,0.13666392833270088
0.9579025488376358,2.36816895239182
0.5895572824399345,0.9579025488376358
-1.2977797796486352,0.5895572824399345
0.6299486130072197,-1.2977797796486352
1.0444815133326046,0.6299486130072197
-0.046837712349055094,1.0444815133326046
0.11654372953455185,-0.046837712349055094
0.8714081203998686,0.11654372953455185
-1.4659304012804015,0.8714081203998686
-0.9863479375276554,-1.4659304012804015
-0.5281395110095984,-0.9863479375276554
-2.2371638660565347,-0.5281395110095984
-0.14949130401403787,-2.2371638660565347
-1.3500251594565902,-0.14949130401403787
-1.1305935989914477,-1.3500251594565902
-0.6665871811345458,-1.1305935989914477
-1.4854406404546407,-0.6665871811345458
-0.40423025372057875,-1.4854406404546407
-1.0284870310256338,-0.40423025372057875
-0.919927940838229,-1.0284870310256338
-1.0760476804043413,-0.919927940838229
-1.041376206987945,-1.0760476804043413
1.131656888644528,-1.041376206987945
1.5983821681919477,1.131656888644528
0.3592276574107654,1.5983821681919477
2.0157052500754635,0.3592276574107654
1.893821020827135,2.0157052500754635
1.1560960508306852,1.893821020827135
-0.39749397967466266,1.1560960508306852
0.19630497315172427,-0.39749397967466266
-1.1121115259638767,0.19630497315172427
-0.8806358585542935,-1.1121115259638767
-0.41348262983288997,-0.8806358585542935
0.16555941922540468,-0.41348262983288997
-0.9594839438599331,0.16555941922540468
0.6902907556406266,-0.9594839438599331
0.15357995899141558,0.6902907556406266
-0.7277138744634324,0.15357995899141558
-0.666051669924195,-0.7277138744634324
-0.27917506175188855,-0.666051669924195
1.553452802745426,-0.27917506175188855
1.7905221761575092,1.553452802745426
0.3364209237062781,1.7905221761575092
0.6804867174533036,0.3364209237062781
0.9725431202670196,0.6804867174533036
0.5241050432271149,0.9725431202670196
0.9195542945699292,0.5241050432271149
0.12609845568505726,0.9195542945699292
-1.2578124277009801,0.12609845568505726
-0.2148896093769122,-1.2578124277009801
0.6102474981324157,-0.2148896093769122
-0.878498831881636,0.6102474981324157
-1.225360102311972,-0.878498831881636
1.2573993376861758,-1.225360102311972
0.41373562985499945,1.2573993376861758
-0.5701464938582215,0.41373562985499945
-0.6250155770803264,-0.5701464938582215
0.33463968945691636,-0.6250155770803264
0.549754960845637,0.33463968945691636
0.4730037026554807,0.549754960845637
-0.4668847115192668,0.4730037026554807
-0.12106244401465026,-0.4668847115192668
0.16646659602751593,-0.12106244401465026
-0.5465924278176855,0.16646659602751593
-0.5887035208574065,-0.5465924278176855
-0.877869973715711,-0.5887035208574065
1.3348385051480065,-0.877869973715711
1.0120303112176336,1.3348385051480065
0.7223302429842984,1.0120303112176336
-0.3319036987389519,0.7223302429842984
0.533211392469467,-0.3319036987389519
-0.34028408981450264,0.533211392469467
-1.7875431460918076,-0.34028408981450264
0.18072011761953732,-1.7875431460918076
0.05101844769581986,0.18072011761953732
-0.26614439999955597,0.05101844769581986
1.0804230044065517,-0.26614439999955597
0.5688482561331104,1.0804230044065517
-0.3143440684937521,0.5688482561331104
-1.5175800442907517,-0.3143440684937521
-1.6869905787549158,-1.5175800442907517
-0.8327481445715053,-1.6869905787549158
-0.3703572763563113,-0.8327481445715053
0.06346327552085743,-0.3703572763563113
0.05296809319016006,0.06346327552085743
0.16441724966798463,0.05296809319016006
-0.7894797379835193,0.16441724966798463
-2.068515102755487,-0.7894797379835193
0.328639156886551,-2.068515102755487
-0.05572862537007085,0.328639156886551
0.21838615526976018,-0.05572862537007085
1.9985129600478018,0.21838615526976018
0.2549110571214557,1.9985129600478018
-0.6009814209346519,0.2549110571214557
-0.0493342697052403,-0.6009814209346519
-2.5633953202199353,-0.0493342697052403
-1.0510036129521891,-2.5633953202199353
-0.37217865124860305,-1.0510036129521891
0.1469681400548617,-0.37217865124860305
-0.9117781913013908,0.1469681400548617
1.4966698623670873,-0.9117781913013908
1.5716574009511701,1.4966698623670873
1.0070070513943286,1.5716574009511701
-0.016814609910418887,1.0070070513943286
0.5244837487211114,-0.016814609910418887
-0.2580724928469712,0.5244837487211114
-0.6216005390798668,-0.2580724928469712
-0.2803562588391764,-0.6216005390798668
0.6179503699154014,-0.2803562588391764
-0.2740434076995327,0.6179503699154014
0.974063335325854,-0.2740434076995327
0.07047705519469644,0.974063335325854
-0.7749469440467358,0.07047705519469644
-0.21684516461046083,-0.7749469440467358
0.43546302452166163,-0.21684516461046083
-1.6854261436506048,0.43546302452166163
-1.816237492667824,-1.6854261436506048
-1.1284100601007387,-1.816237492667824
-0.23258164594802833,-1.1284100601007387
0.37195409059866813,-0.23258164594802833
0.5522134625819082,0.37195409059866813
1.2267485569417556,0.5522134625819082
-0.5188073750953037,1.2267485569417556
-2.087364794623446,-0.5188073750953037
-0.504472110660922,-2.087364794623446
1.3892146811514254,-0.504472110660922
-1.2489186759382864,1.3892146811514254
0.2260719841701776,-1.2489186759382864
-1.0626438852811269,0.2260719841701776
-0.6059070274812768,-1.0626438852811269
-0.06220772421947521,-0.6059070274812768
-0.403981739995674,-0.06220772421947521
0.4887631431494621,-0.403981739995674
0.8047930758281541,0.4887631431494621
1.8206380933598445,0.8047930758281541
1.7312593154832698,1.8206380933598445
0.18393380062463027,1.7312593154832698
-1.167102885948017,0.18393380062463027
0.028047970989331206,-1.167102885948017
0.9197168343576317,0.028047970989331206
0.4343301883397982,0.9197168343576317
0.9598812017148362,0.4343301883397982
0.9500046169284841,0.9598812017148362
0.1521728522271304,0.9500046169284841
-0.29178901859019907,0.1521728522271304
0.410382062993521,-0.29178901859019907
1.0944413117034353,0.410382062993521
1.431067152278521,1.0944413117034353
0.5172502278532398,1.431067152278521
-0.27112657636850307,0.5172502278532398
-0.5762362893297365,-0.27112657636850307
-0.5669830074391254,-0.5762362893297365
0.39721042013574015,-0.5669830074391254
-1.2115689104869747,0.39721042013574015
-0.8917813322535234,-1.2115689104869747
-1.1543692738059208,-0.8917813322535234
-1.7394290621662294,-1.1543692738059208
-0.8826586015378317,-1.7394290621662294
0.13768166279060473,-0.8826586015378317
-1.6185511373695056,0.13768166279060473
-1.6487036701210012,-1.6185511373695056
-0.07328847320815113,-1.6487036701210012
0.7717714334250219,-0.07328847320815113
-0.6037408848881751,0.7717714334250219
-1.8584504623286777,-0.6037408848881751
-1.3503687434185476,-1.8584504623286777
-0.3077240552456999,-1.3503687434185476
0.702484584365618,-0.3077240552456999
-0.35872268202784496,0.702484584365618
0.5772517319975876,-0.35872268202784496
3.1988129560631244,0.5772517319975876
0.33637553318852254,3.1988129560631244
-0.19290715487372845,0.33637553318852254
-1.042056310794434,-0.19290715487372845
-0.9024245751072334,-1.042056310794434
-0.15584048280154753,-0.9024245751072334
-0.16817508139718876,-0.15584048280154753
-0.31567942697476525,-0.16817508139718876
1.5630279238483054,-0.31567942697476525
0.06328050782667621,1.5630279238483054
0.8687007688054512,0.06328050782667621
0.6924478878284259,0.8687007688054512
0.7519180431051518,0.6924478878284259
0.11409220756161215,0.7519180431051518
-2.092185014637196,0.11409220756161215
-0.07054065952715449,-2.092185014637196
0.5443077017228416,-0.07054065952715449
-0.3632963317901528,0.5443077017228416
0.5586905688707222,-0.3632963317901528
-0.18823794137880992,0.5586905688707222
-2.2117280576602574,-0.18823794137880992
0.3397632477493733,-2.2117280576602574
0.004032259422646574,0.3397632477493733
-0.27605330477064477,0.004032259422646574
0.7672468812553331,-0.27605330477064477
1.981230143442602,0.7672468812553331
0.5044855912217521,1.981230143442602
2.2363773052924607,0.5044855912217521
0.4140588179164679,2.2363773052924607
0.8341030511674248,0.4140588179164679
0.4276247787950732,0.8341030511674248
-1.621179649018571,0.4276247787950732
1.0343065000987361,-1.621179649018571
-0.3117573522896538,1.0343065000987361
-0.12070732217954497,-0.3117573522896538
0.07088336580111965,-0.12070732217954497
0.7940424887751828,0.07088336580111965
0.23383419399357963,0.7940424887751828
-0.15124718102238036,0.23383419399357963
0.3638426310667494,0.033698458398285
